,mean_fit_time,std_fit_time,mean_score_time,std_score_time,param_class_weight,param_criterion,param_max_depth,param_max_features,param_min_samples_split,param_splitter,params,split0_test_score,split1_test_score,split2_test_score,mean_test_score,std_test_score,rank_test_score
19,0.015757640202840168,0.00018978042352118407,0.01576987902323405,0.00019232369651377954,,entropy,6,sqrt,0.005,best,"{'class_weight': None, 'criterion': 'entropy', 'max_depth': 6, 'max_features': 'sqrt', 'min_samples_split': 0.005, 'splitter': 'best'}",0.6717791411042945,0.6430678466076696,0.6945337620578779,0.669793583256614,0.021057729273861434,1
33,0.026186625162760418,0.007455653981829918,0.010416825612386068,0.007365808463691525,,entropy,9,sqrt,0.01,best,"{'class_weight': None, 'criterion': 'entropy', 'max_depth': 9, 'max_features': 'sqrt', 'min_samples_split': 0.01, 'splitter': 'best'}",0.6697247706422018,0.6606060606060606,0.6756756756756757,0.6686688356413127,0.006197288311897337,2
31,0.029110034306844074,0.003862682840602688,0.013290087381998697,0.003750317071610189,,entropy,9,sqrt,0.005,best,"{'class_weight': None, 'criterion': 'entropy', 'max_depth': 9, 'max_features': 'sqrt', 'min_samples_split': 0.005, 'splitter': 'best'}",0.6627906976744186,0.649390243902439,0.6855345911949685,0.6659051775906087,0.014919304031176283,3
26,0.08325417836507161,0.007731509012617078,0.005208889643351237,0.007366482378532073,,entropy,9,,0.01,random,"{'class_weight': None, 'criterion': 'entropy', 'max_depth': 9, 'max_features': None, 'min_samples_split': 0.01, 'splitter': 'random'}",0.6770186335403726,0.6635220125786163,0.6404494382022472,0.6603300281070786,0.015098964325838076,4
57,0.026178439458211262,0.007176821798505589,0.01042334238688151,0.007370419796615721,,gini,6,sqrt,0.01,best,"{'class_weight': None, 'criterion': 'gini', 'max_depth': 6, 'max_features': 'sqrt', 'min_samples_split': 0.01, 'splitter': 'best'}",0.659942363112392,0.6735395189003437,0.6448863636363636,0.6594560818830332,0.011702654363318804,5
55,0.015757640202840168,0.00019179825913744872,0.01563111941019694,9.222276643358013e-06,,gini,6,sqrt,0.005,best,"{'class_weight': None, 'criterion': 'gini', 'max_depth': 6, 'max_features': 'sqrt', 'min_samples_split': 0.005, 'splitter': 'best'}",0.6628242074927954,0.659375,0.65,0.6573997358309317,0.005418568436882608,6
30,0.02649998664855957,0.0076922159119790345,0.0105436642964681,0.007457118813273048,,entropy,9,sqrt,0.005,random,"{'class_weight': None, 'criterion': 'entropy', 'max_depth': 9, 'max_features': 'sqrt', 'min_samples_split': 0.005, 'splitter': 'random'}",0.6563380281690141,0.6606060606060606,0.6515580736543909,0.6561673874764885,0.003695795417665478,7
21,0.02657039960225423,0.0033173344411899755,0.007997671763102213,0.006529552597315612,,entropy,6,sqrt,0.01,best,"{'class_weight': None, 'criterion': 'entropy', 'max_depth': 6, 'max_features': 'sqrt', 'min_samples_split': 0.01, 'splitter': 'best'}",0.6837060702875399,0.6397694524495677,0.6438356164383562,0.6557703797251545,0.019823143507761123,8
62,0.05516966183980306,0.006549759643903907,0.007877667744954428,0.006378881161324688,,gini,9,,0.01,random,"{'class_weight': None, 'criterion': 'gini', 'max_depth': 9, 'max_features': None, 'min_samples_split': 0.01, 'splitter': 'random'}",0.655367231638418,0.6687306501547987,0.6424418604651163,0.6555132474194444,0.010732850081046179,9
9,0.018601179122924805,0.0038264924075248185,0.013136784235636393,0.003517026691391725,,entropy,3,sqrt,0.01,best,"{'class_weight': None, 'criterion': 'entropy', 'max_depth': 3, 'max_features': 'sqrt', 'min_samples_split': 0.01, 'splitter': 'best'}",0.6666666666666666,0.6420118343195266,0.6535211267605634,0.6540665425822522,0.010072679164628354,10
7,0.026412566502888996,0.007658126963722063,0.008127450942993164,0.00669190701683216,,entropy,3,sqrt,0.005,best,"{'class_weight': None, 'criterion': 'entropy', 'max_depth': 3, 'max_features': 'sqrt', 'min_samples_split': 0.005, 'splitter': 'best'}",0.6666666666666666,0.6420118343195266,0.6535211267605634,0.6540665425822522,0.010072679164628354,10
43,0.01830712954203288,0.0037934413939219296,0.007881561915079752,0.0063797219479328985,,gini,3,sqrt,0.005,best,"{'class_weight': None, 'criterion': 'gini', 'max_depth': 3, 'max_features': 'sqrt', 'min_samples_split': 0.005, 'splitter': 'best'}",0.6666666666666666,0.6412429378531074,0.6535211267605634,0.6538102437601124,0.010381207000341914,12
45,0.020301977793375652,0.006599748299980822,0.012955109278361002,0.0037830474621490862,,gini,3,sqrt,0.01,best,"{'class_weight': None, 'criterion': 'gini', 'max_depth': 3, 'max_features': 'sqrt', 'min_samples_split': 0.01, 'splitter': 'best'}",0.6666666666666666,0.6412429378531074,0.6535211267605634,0.6538102437601124,0.010381207000341914,12
67,0.03152330716451009,0.00019443677898353616,0.010422865549723307,0.00737007903557957,,gini,9,sqrt,0.005,best,"{'class_weight': None, 'criterion': 'gini', 'max_depth': 9, 'max_features': 'sqrt', 'min_samples_split': 0.005, 'splitter': 'best'}",0.6432584269662921,0.6677852348993288,0.6434316353887399,0.6514917657514536,0.011521439520707265,14
25,0.07856941223144531,0.012780841427319917,0.005209287007649739,0.007367044336512219,,entropy,9,,0.005,best,"{'class_weight': None, 'criterion': 'entropy', 'max_depth': 9, 'max_features': None, 'min_samples_split': 0.005, 'splitter': 'best'}",0.6424418604651163,0.6586826347305389,0.6446991404011462,0.6486078785322672,0.007183284416772145,15
12,0.04905343055725098,0.01165145401332908,0.009549538294474283,0.006836731058112246,,entropy,6,,0.005,random,"{'class_weight': None, 'criterion': 'entropy', 'max_depth': 6, 'max_features': None, 'min_samples_split': 0.005, 'splitter': 'random'}",0.655367231638418,0.6410256410256411,0.647887323943662,0.6480933988692404,0.0058567428651277445,16
63,0.06813089052836101,0.007350315747341707,0.010420640309651693,0.007368505591833942,,gini,9,,0.01,best,"{'class_weight': None, 'criterion': 'gini', 'max_depth': 9, 'max_features': None, 'min_samples_split': 0.01, 'splitter': 'best'}",0.640117994100295,0.6626865671641791,0.6408045977011494,0.6478697196552078,0.010480842323155042,17
32,0.02126773198445638,0.007359980677861486,0.015917380650838215,0.006819004381454642,,entropy,9,sqrt,0.01,random,"{'class_weight': None, 'criterion': 'entropy', 'max_depth': 9, 'max_features': 'sqrt', 'min_samples_split': 0.01, 'splitter': 'random'}",0.627906976744186,0.6448863636363636,0.6705882352941176,0.6477938585582224,0.017545419210190868,18
153,0.031061808268229168,0.00027457266909897094,0.005207141240437825,0.007364009763419435,"{0: 1, 1: 2}",entropy,3,sqrt,0.01,best,"{'class_weight': {0: 1, 1: 2}, 'criterion': 'entropy', 'max_depth': 3, 'max_features': 'sqrt', 'min_samples_split': 0.01, 'splitter': 'best'}",0.6577540106951871,0.6394366197183099,0.6451612903225806,0.6474506402453591,0.00765125459654126,19
151,0.031399170557657875,0.00019731806743838196,0.00520936648050944,0.007367156728108248,"{0: 1, 1: 2}",entropy,3,sqrt,0.005,best,"{'class_weight': {0: 1, 1: 2}, 'criterion': 'entropy', 'max_depth': 3, 'max_features': 'sqrt', 'min_samples_split': 0.005, 'splitter': 'best'}",0.6577540106951871,0.6394366197183099,0.6451612903225806,0.6474506402453591,0.00765125459654126,19
187,0.024481693903605144,0.006654328268628554,0.010425090789794922,0.007371658069874215,"{0: 1, 1: 2}",gini,3,sqrt,0.005,best,"{'class_weight': {0: 1, 1: 2}, 'criterion': 'gini', 'max_depth': 3, 'max_features': 'sqrt', 'min_samples_split': 0.005, 'splitter': 'best'}",0.6577540106951871,0.6394366197183099,0.6451612903225806,0.6474506402453591,0.00765125459654126,19
189,0.023907264073689777,0.006842519963116699,0.007901986440022787,0.0063807926874534186,"{0: 1, 1: 2}",gini,3,sqrt,0.01,best,"{'class_weight': {0: 1, 1: 2}, 'criterion': 'gini', 'max_depth': 3, 'max_features': 'sqrt', 'min_samples_split': 0.01, 'splitter': 'best'}",0.6577540106951871,0.6394366197183099,0.6451612903225806,0.6474506402453591,0.00765125459654126,19
35,0.015758673350016277,0.0001905599759253185,0.018396298090616863,0.0039025223215028446,,entropy,9,sqrt,0.05,best,"{'class_weight': None, 'criterion': 'entropy', 'max_depth': 9, 'max_features': 'sqrt', 'min_samples_split': 0.05, 'splitter': 'best'}",0.6586666666666666,0.6394366197183099,0.6436170212765957,0.6472401025538573,0.00825807543621128,23
23,0.025966485341389973,0.0029776934957833363,0.008388201395670572,0.0070118011702548074,,entropy,6,sqrt,0.05,best,"{'class_weight': None, 'criterion': 'entropy', 'max_depth': 6, 'max_features': 'sqrt', 'min_samples_split': 0.05, 'splitter': 'best'}",0.6577540106951871,0.6394366197183099,0.6436170212765957,0.6469358838966975,0.007837637393512495,24
191,0.028723398844401043,0.003574335547005875,0.0,0.0,"{0: 1, 1: 2}",gini,3,sqrt,0.05,best,"{'class_weight': {0: 1, 1: 2}, 'criterion': 'gini', 'max_depth': 3, 'max_features': 'sqrt', 'min_samples_split': 0.05, 'splitter': 'best'}",0.6577540106951871,0.6394366197183099,0.6436170212765957,0.6469358838966975,0.007837637393512495,24
155,0.025014877319335938,0.007461926742310828,0.011966864267985025,0.005446424823835899,"{0: 1, 1: 2}",entropy,3,sqrt,0.05,best,"{'class_weight': {0: 1, 1: 2}, 'criterion': 'entropy', 'max_depth': 3, 'max_features': 'sqrt', 'min_samples_split': 0.05, 'splitter': 'best'}",0.6577540106951871,0.6394366197183099,0.6436170212765957,0.6469358838966975,0.007837637393512495,24
11,0.021109898885091145,0.007457403828399002,0.010417302449544271,0.007366153856897182,,entropy,3,sqrt,0.05,best,"{'class_weight': None, 'criterion': 'entropy', 'max_depth': 3, 'max_features': 'sqrt', 'min_samples_split': 0.05, 'splitter': 'best'}",0.6577540106951871,0.6394366197183099,0.6436170212765957,0.6469358838966975,0.007837637393512495,24
47,0.02652430534362793,0.004160091617030256,0.002666314442952474,0.0037707380467746523,,gini,3,sqrt,0.05,best,"{'class_weight': None, 'criterion': 'gini', 'max_depth': 3, 'max_features': 'sqrt', 'min_samples_split': 0.05, 'splitter': 'best'}",0.6577540106951871,0.6394366197183099,0.6436170212765957,0.6469358838966975,0.007837637393512495,24
49,0.06245501836140951,0.001535606290172104,0.01126424471537272,0.006187775687422516,,gini,6,,0.005,best,"{'class_weight': None, 'criterion': 'gini', 'max_depth': 6, 'max_features': None, 'min_samples_split': 0.005, 'splitter': 'best'}",0.6412429378531074,0.6451612903225806,0.6536312849162011,0.646678504363963,0.0051700573545781885,29
0,0.03673370679219564,0.007470008129453077,0.01334683100382487,0.0032280610495807795,,entropy,3,,0.005,random,"{'class_weight': None, 'criterion': 'entropy', 'max_depth': 3, 'max_features': None, 'min_samples_split': 0.005, 'splitter': 'random'}",0.6435897435897436,0.6533742331288344,0.6417525773195877,0.6462388513460552,0.005100918209209131,30
2,0.039813597997029625,0.0064581023320559655,0.007216294606526692,0.006436023471451681,,entropy,3,,0.01,random,"{'class_weight': None, 'criterion': 'entropy', 'max_depth': 3, 'max_features': None, 'min_samples_split': 0.01, 'splitter': 'random'}",0.6435897435897436,0.6533742331288344,0.6417525773195877,0.6462388513460552,0.005100918209209131,30
69,0.026883840560913086,0.006176030900188222,0.005209445953369141,0.007367269119704277,,gini,9,sqrt,0.01,best,"{'class_weight': None, 'criterion': 'gini', 'max_depth': 9, 'max_features': 'sqrt', 'min_samples_split': 0.01, 'splitter': 'best'}",0.6532258064516129,0.6563467492260062,0.6285714285714286,0.6460479947496826,0.01242330726195533,32
24,0.08178234100341797,0.01355400546039891,0.005208889643351237,0.0073664823785320735,,entropy,9,,0.005,random,"{'class_weight': None, 'criterion': 'entropy', 'max_depth': 9, 'max_features': None, 'min_samples_split': 0.005, 'splitter': 'random'}",0.6598240469208211,0.6377245508982036,0.6405797101449275,0.6460427693213174,0.009814298846987658,33
60,0.057862043380737305,0.00983834408698778,0.010550340016682943,0.0074617226926833565,,gini,9,,0.005,random,"{'class_weight': None, 'criterion': 'gini', 'max_depth': 9, 'max_features': None, 'min_samples_split': 0.005, 'splitter': 'random'}",0.6666666666666666,0.6398809523809523,0.6311475409836066,0.6458983866770752,0.01511200866757671,34
14,0.047102769215901695,0.0001665206949507321,0.005210081736246745,0.007368168252472509,,entropy,6,,0.01,random,"{'class_weight': None, 'criterion': 'entropy', 'max_depth': 6, 'max_features': None, 'min_samples_split': 0.01, 'splitter': 'random'}",0.6509695290858726,0.6404833836858006,0.6452513966480447,0.645568103139906,0.004286804450042245,35
51,0.06281701723734538,0.0002127780705422364,0.0,0.0,,gini,6,,0.01,best,"{'class_weight': None, 'criterion': 'gini', 'max_depth': 6, 'max_features': None, 'min_samples_split': 0.01, 'splitter': 'best'}",0.64,0.6477272727272727,0.6487252124645893,0.6454841617306206,0.003899230124484564,36
186,0.01644452412923177,0.0008692869415754114,0.01692803700764974,0.003049981315020602,"{0: 1, 1: 2}",gini,3,sqrt,0.005,random,"{'class_weight': {0: 1, 1: 2}, 'criterion': 'gini', 'max_depth': 3, 'max_features': 'sqrt', 'min_samples_split': 0.005, 'splitter': 'random'}",0.6509186351706037,0.6426592797783933,0.6428571428571429,0.6454783526020466,0.0038477086920912823,37
8,0.029459396998087566,0.007724225714238707,0.007999181747436523,3.7089226689586747e-06,,entropy,3,sqrt,0.01,random,"{'class_weight': None, 'criterion': 'entropy', 'max_depth': 3, 'max_features': 'sqrt', 'min_samples_split': 0.01, 'splitter': 'random'}",0.6509186351706037,0.6426592797783933,0.6428571428571429,0.6454783526020466,0.0038477086920912823,37
6,0.026242971420288086,0.007151140080540412,0.010377724965413412,0.007338218570385097,,entropy,3,sqrt,0.005,random,"{'class_weight': None, 'criterion': 'entropy', 'max_depth': 3, 'max_features': 'sqrt', 'min_samples_split': 0.005, 'splitter': 'random'}",0.6509186351706037,0.6426592797783933,0.6428571428571429,0.6454783526020466,0.0038477086920912823,37
152,0.015979766845703125,0.0004790537099719089,0.015419403711954752,0.00028199864468025795,"{0: 1, 1: 2}",entropy,3,sqrt,0.01,random,"{'class_weight': {0: 1, 1: 2}, 'criterion': 'entropy', 'max_depth': 3, 'max_features': 'sqrt', 'min_samples_split': 0.01, 'splitter': 'random'}",0.6509186351706037,0.6426592797783933,0.6428571428571429,0.6454783526020466,0.0038477086920912823,37
42,0.02098679542541504,0.007273673854931412,0.01041865348815918,0.00736710071813354,,gini,3,sqrt,0.005,random,"{'class_weight': None, 'criterion': 'gini', 'max_depth': 3, 'max_features': 'sqrt', 'min_samples_split': 0.005, 'splitter': 'random'}",0.6509186351706037,0.6426592797783933,0.6428571428571429,0.6454783526020466,0.0038477086920912823,37
150,0.020632108052571613,0.007511715759093736,0.01563715934753418,1.1187904554987016e-05,"{0: 1, 1: 2}",entropy,3,sqrt,0.005,random,"{'class_weight': {0: 1, 1: 2}, 'criterion': 'entropy', 'max_depth': 3, 'max_features': 'sqrt', 'min_samples_split': 0.005, 'splitter': 'random'}",0.6509186351706037,0.6426592797783933,0.6428571428571429,0.6454783526020466,0.0038477086920912823,37
44,0.028043270111083984,0.0045382042366602605,0.003504037857055664,0.004955457860516876,,gini,3,sqrt,0.01,random,"{'class_weight': None, 'criterion': 'gini', 'max_depth': 3, 'max_features': 'sqrt', 'min_samples_split': 0.01, 'splitter': 'random'}",0.6509186351706037,0.6426592797783933,0.6428571428571429,0.6454783526020466,0.0038477086920912823,37
188,0.03501319885253906,0.00395388102588335,0.007341702779134114,0.005741904958301888,"{0: 1, 1: 2}",gini,3,sqrt,0.01,random,"{'class_weight': {0: 1, 1: 2}, 'criterion': 'gini', 'max_depth': 3, 'max_features': 'sqrt', 'min_samples_split': 0.01, 'splitter': 'random'}",0.6509186351706037,0.6426592797783933,0.6428571428571429,0.6454783526020466,0.0038477086920912823,37
36,0.032927751541137695,0.0023614195177600497,0.00367124875386556,0.005191929778561999,,gini,3,,0.005,random,"{'class_weight': None, 'criterion': 'gini', 'max_depth': 3, 'max_features': None, 'min_samples_split': 0.005, 'splitter': 'random'}",0.6530054644808743,0.6394366197183099,0.6417525773195877,0.6447315538395907,0.005926444289661338,45
38,0.028980811436971027,0.013331425131598997,0.007971763610839844,0.006496881951569434,,gini,3,,0.01,random,"{'class_weight': None, 'criterion': 'gini', 'max_depth': 3, 'max_features': None, 'min_samples_split': 0.01, 'splitter': 'random'}",0.6530054644808743,0.6394366197183099,0.6417525773195877,0.6447315538395907,0.005926444289661338,45
66,0.020967721939086914,0.007554064155476295,0.0104215939839681,0.00736918043506989,,gini,9,sqrt,0.005,random,"{'class_weight': None, 'criterion': 'gini', 'max_depth': 9, 'max_features': 'sqrt', 'min_samples_split': 0.005, 'splitter': 'random'}",0.6397694524495677,0.6445783132530121,0.6461538461538462,0.6435005372854753,0.0027155504684388166,47
68,0.03139201800028483,0.0001885877731915575,0.00971380869547526,0.006922431197032321,,gini,9,sqrt,0.01,random,"{'class_weight': None, 'criterion': 'gini', 'max_depth': 9, 'max_features': 'sqrt', 'min_samples_split': 0.01, 'splitter': 'random'}",0.6384839650145773,0.6418338108882522,0.6489675516224189,0.6430951091750828,0.004371845687067845,48
50,0.054841041564941406,0.006896066823747764,0.0006871223449707031,0.0009717377392671728,,gini,6,,0.01,random,"{'class_weight': None, 'criterion': 'gini', 'max_depth': 6, 'max_features': None, 'min_samples_split': 0.01, 'splitter': 'random'}",0.646112600536193,0.6368715083798883,0.6456043956043956,0.6428628348401589,0.0042415848161059455,49
61,0.08147970835367839,0.004160961959624848,0.0026929378509521484,0.0038083892314443846,,gini,9,,0.005,best,"{'class_weight': None, 'criterion': 'gini', 'max_depth': 9, 'max_features': None, 'min_samples_split': 0.005, 'splitter': 'best'}",0.6468842729970327,0.6574074074074074,0.6210526315789474,0.6417814373277958,0.015274087649454378,50
3,0.04208811124165853,0.007363449050879972,0.0052089691162109375,0.0073665947701281025,,entropy,3,,0.01,best,"{'class_weight': None, 'criterion': 'entropy', 'max_depth': 3, 'max_features': None, 'min_samples_split': 0.01, 'splitter': 'best'}",0.6435897435897436,0.6363636363636364,0.6380697050938338,0.6393410283490712,0.00308397508909964,51
39,0.042653560638427734,0.006283467932801795,0.004670540491739909,0.0066051417070312835,,gini,3,,0.01,best,"{'class_weight': None, 'criterion': 'gini', 'max_depth': 3, 'max_features': None, 'min_samples_split': 0.01, 'splitter': 'best'}",0.6435897435897436,0.6363636363636364,0.6380697050938338,0.6393410283490712,0.00308397508909964,51
1,0.041959524154663086,0.0049939954398534,0.014427661895751953,0.0017071783845529042,,entropy,3,,0.005,best,"{'class_weight': None, 'criterion': 'entropy', 'max_depth': 3, 'max_features': None, 'min_samples_split': 0.005, 'splitter': 'best'}",0.6435897435897436,0.6354166666666666,0.6380697050938338,0.6390253717834147,0.003404386456109664,53
37,0.029011964797973633,0.003452096788369885,0.011093457539876303,0.007886270396879645,,gini,3,,0.005,best,"{'class_weight': None, 'criterion': 'gini', 'max_depth': 3, 'max_features': None, 'min_samples_split': 0.005, 'splitter': 'best'}",0.6435897435897436,0.6354166666666666,0.6380697050938338,0.6390253717834147,0.003404386456109664,53
59,0.01576685905456543,0.00018023151522884165,0.010414838790893555,0.007364404014577416,,gini,6,sqrt,0.05,best,"{'class_weight': None, 'criterion': 'gini', 'max_depth': 6, 'max_features': 'sqrt', 'min_samples_split': 0.05, 'splitter': 'best'}",0.6473551637279596,0.6394366197183099,0.6280788177339901,0.63829020039342,0.007911177184682754,55
18,0.018636465072631836,0.0042475638192229215,0.012894074122111002,0.004164388293515275,,entropy,6,sqrt,0.005,random,"{'class_weight': None, 'criterion': 'entropy', 'max_depth': 6, 'max_features': 'sqrt', 'min_samples_split': 0.005, 'splitter': 'random'}",0.6601123595505618,0.6428571428571429,0.6053921568627451,0.63612055309015,0.022841648755661265,56
71,0.025126536687215168,0.005139657352908807,0.006916364034016927,0.005260711627249946,,gini,9,sqrt,0.05,best,"{'class_weight': None, 'criterion': 'gini', 'max_depth': 9, 'max_features': 'sqrt', 'min_samples_split': 0.05, 'splitter': 'best'}",0.6473551637279596,0.6394366197183099,0.6190476190476191,0.6352798008312962,0.011924446287688299,57
144,0.04701582590738932,0.0001957923539809744,0.005211035410563151,0.007369516951624857,"{0: 1, 1: 2}",entropy,3,,0.005,random,"{'class_weight': {0: 1, 1: 2}, 'criterion': 'entropy', 'max_depth': 3, 'max_features': None, 'min_samples_split': 0.005, 'splitter': 'random'}",0.6435897435897436,0.6347607052896725,0.6253041362530414,0.6345515283774859,0.007466533115775525,58
146,0.031255245208740234,3.975232124455706e-06,0.013923565546671549,0.0024087205079958585,"{0: 1, 1: 2}",entropy,3,,0.01,random,"{'class_weight': {0: 1, 1: 2}, 'criterion': 'entropy', 'max_depth': 3, 'max_features': None, 'min_samples_split': 0.01, 'splitter': 'random'}",0.6435897435897436,0.6347607052896725,0.6253041362530414,0.6345515283774859,0.007466533115775525,58
180,0.04477604230244955,0.0038075503133155157,0.007878541946411133,0.006381936048979601,"{0: 1, 1: 2}",gini,3,,0.005,random,"{'class_weight': {0: 1, 1: 2}, 'criterion': 'gini', 'max_depth': 3, 'max_features': None, 'min_samples_split': 0.005, 'splitter': 'random'}",0.6435897435897436,0.6347607052896725,0.6253041362530414,0.6345515283774859,0.007466533115775525,58
182,0.03610356648763021,0.003565436375089546,0.01375730832417806,0.0026424950118296322,"{0: 1, 1: 2}",gini,3,,0.01,random,"{'class_weight': {0: 1, 1: 2}, 'criterion': 'gini', 'max_depth': 3, 'max_features': None, 'min_samples_split': 0.01, 'splitter': 'random'}",0.6435897435897436,0.6347607052896725,0.6253041362530414,0.6345515283774859,0.007466533115775525,58
48,0.06084314982096354,0.016190276374250395,0.002667586008707682,0.003772536312311118,,gini,6,,0.005,random,"{'class_weight': None, 'criterion': 'gini', 'max_depth': 6, 'max_features': None, 'min_samples_split': 0.005, 'splitter': 'random'}",0.646112600536193,0.6335227272727273,0.6221662468513854,0.633933858220102,0.009780379515178716,62
16,0.04193433125813802,0.006986487827040171,0.010562499364217123,0.007470560303830039,,entropy,6,,0.05,random,"{'class_weight': None, 'criterion': 'entropy', 'max_depth': 6, 'max_features': None, 'min_samples_split': 0.05, 'splitter': 'random'}",0.6397058823529411,0.6347607052896725,0.6271186440677966,0.63386174390347,0.005177885063238611,63
22,0.021233002344767254,0.007667461636066946,0.013752381006876627,0.004089165902372485,,entropy,6,sqrt,0.05,random,"{'class_weight': None, 'criterion': 'entropy', 'max_depth': 6, 'max_features': 'sqrt', 'min_samples_split': 0.05, 'splitter': 'random'}",0.6396396396396397,0.6343042071197411,0.6276276276276276,0.6338571581290028,0.004914061303665276,64
190,0.021353960037231445,0.007815623373535684,0.01578410466512044,0.00021442207603581423,"{0: 1, 1: 2}",gini,3,sqrt,0.05,random,"{'class_weight': {0: 1, 1: 2}, 'criterion': 'gini', 'max_depth': 3, 'max_features': 'sqrt', 'min_samples_split': 0.05, 'splitter': 'random'}",0.6396396396396397,0.6343042071197411,0.6276276276276276,0.6338571581290028,0.004914061303665276,64
166,0.031261603037516274,2.585006708668167e-06,0.0052068233489990234,0.0073635601970353185,"{0: 1, 1: 2}",entropy,6,sqrt,0.05,random,"{'class_weight': {0: 1, 1: 2}, 'criterion': 'entropy', 'max_depth': 6, 'max_features': 'sqrt', 'min_samples_split': 0.05, 'splitter': 'random'}",0.6396396396396397,0.6343042071197411,0.6276276276276276,0.6338571581290028,0.004914061303665276,64
154,0.026189009348551433,0.007468127288161701,0.015786250432332356,0.000196949460683184,"{0: 1, 1: 2}",entropy,3,sqrt,0.05,random,"{'class_weight': {0: 1, 1: 2}, 'criterion': 'entropy', 'max_depth': 3, 'max_features': 'sqrt', 'min_samples_split': 0.05, 'splitter': 'random'}",0.6396396396396397,0.6343042071197411,0.6276276276276276,0.6338571581290028,0.004914061303665276,64
10,0.023560047149658203,0.006375556393456217,0.0052115122477213545,0.007370191301201032,,entropy,3,sqrt,0.05,random,"{'class_weight': None, 'criterion': 'entropy', 'max_depth': 3, 'max_features': 'sqrt', 'min_samples_split': 0.05, 'splitter': 'random'}",0.6396396396396397,0.6343042071197411,0.6276276276276276,0.6338571581290028,0.004914061303665276,64
202,0.03217395146687826,0.004012298570635634,0.005875746409098308,0.005696025443665848,"{0: 1, 1: 2}",gini,6,sqrt,0.05,random,"{'class_weight': {0: 1, 1: 2}, 'criterion': 'gini', 'max_depth': 6, 'max_features': 'sqrt', 'min_samples_split': 0.05, 'splitter': 'random'}",0.6396396396396397,0.6343042071197411,0.6276276276276276,0.6338571581290028,0.004914061303665276,64
46,0.013924121856689453,0.0024126581719942897,0.01847497622172038,0.004026442146476613,,gini,3,sqrt,0.05,random,"{'class_weight': None, 'criterion': 'gini', 'max_depth': 3, 'max_features': 'sqrt', 'min_samples_split': 0.05, 'splitter': 'random'}",0.6396396396396397,0.6343042071197411,0.6276276276276276,0.6338571581290028,0.004914061303665276,64
28,0.07321047782897949,0.0072956623462902105,0.011748949686686197,0.005473481973840243,,entropy,9,,0.05,random,"{'class_weight': None, 'criterion': 'entropy', 'max_depth': 9, 'max_features': None, 'min_samples_split': 0.05, 'splitter': 'random'}",0.6390243902439025,0.6347607052896725,0.6271186440677966,0.6336345798671239,0.004925296393988053,71
148,0.043651978174845375,0.004864165130557054,0.01392515500386556,0.0024098447384545882,"{0: 1, 1: 2}",entropy,3,,0.05,random,"{'class_weight': {0: 1, 1: 2}, 'criterion': 'entropy', 'max_depth': 3, 'max_features': None, 'min_samples_split': 0.05, 'splitter': 'random'}",0.6397058823529411,0.6347607052896725,0.6253041362530414,0.6332569079652183,0.0059748711269935134,72
4,0.03646564483642578,0.00737333852286715,0.010419448216756185,0.007367664728357871,,entropy,3,,0.05,random,"{'class_weight': None, 'criterion': 'entropy', 'max_depth': 3, 'max_features': None, 'min_samples_split': 0.05, 'splitter': 'random'}",0.6397058823529411,0.6347607052896725,0.6253041362530414,0.6332569079652183,0.0059748711269935134,72
184,0.0360713799794515,0.004109851957855917,0.014424959818522135,0.0017053790182353936,"{0: 1, 1: 2}",gini,3,,0.05,random,"{'class_weight': {0: 1, 1: 2}, 'criterion': 'gini', 'max_depth': 3, 'max_features': None, 'min_samples_split': 0.05, 'splitter': 'random'}",0.6397058823529411,0.6347607052896725,0.6253041362530414,0.6332569079652183,0.0059748711269935134,72
5,0.04215017954508463,0.007342862877672071,0.010396162668863932,0.007351380867501344,,entropy,3,,0.05,best,"{'class_weight': None, 'criterion': 'entropy', 'max_depth': 3, 'max_features': None, 'min_samples_split': 0.05, 'splitter': 'best'}",0.6397058823529411,0.6347607052896725,0.6253041362530414,0.6332569079652183,0.0059748711269935134,72
29,0.071990172068278,0.012841696134323316,0.015767574310302734,0.00019106905191174566,,entropy,9,,0.05,best,"{'class_weight': None, 'criterion': 'entropy', 'max_depth': 9, 'max_features': None, 'min_samples_split': 0.05, 'splitter': 'best'}",0.6397058823529411,0.6347607052896725,0.6253041362530414,0.6332569079652183,0.0059748711269935134,72
65,0.08041071891784668,0.003763521397624788,0.008049090703328451,0.006390478826800921,,gini,9,,0.05,best,"{'class_weight': None, 'criterion': 'gini', 'max_depth': 9, 'max_features': None, 'min_samples_split': 0.05, 'splitter': 'best'}",0.6397058823529411,0.6347607052896725,0.6253041362530414,0.6332569079652183,0.0059748711269935134,72
53,0.059807936350504555,0.0041722654671414085,0.018322149912516277,0.0037985192027513467,,gini,6,,0.05,best,"{'class_weight': None, 'criterion': 'gini', 'max_depth': 6, 'max_features': None, 'min_samples_split': 0.05, 'splitter': 'best'}",0.6397058823529411,0.6347607052896725,0.6253041362530414,0.6332569079652183,0.0059748711269935134,72
41,0.030866622924804688,0.000874039410975665,0.015624284744262695,1.215700987241932e-06,,gini,3,,0.05,best,"{'class_weight': None, 'criterion': 'gini', 'max_depth': 3, 'max_features': None, 'min_samples_split': 0.05, 'splitter': 'best'}",0.6397058823529411,0.6347607052896725,0.6253041362530414,0.6332569079652183,0.0059748711269935134,72
17,0.051950931549072266,0.01061628194199688,0.01049343744913737,0.007420606452437039,,entropy,6,,0.05,best,"{'class_weight': None, 'criterion': 'entropy', 'max_depth': 6, 'max_features': None, 'min_samples_split': 0.05, 'splitter': 'best'}",0.6397058823529411,0.6347607052896725,0.6253041362530414,0.6332569079652183,0.0059748711269935134,72
40,0.029430866241455078,0.002588840326255894,0.009878238042195639,0.007015881980744325,,gini,3,,0.05,random,"{'class_weight': None, 'criterion': 'gini', 'max_depth': 3, 'max_features': None, 'min_samples_split': 0.05, 'splitter': 'random'}",0.6397058823529411,0.6347607052896725,0.6253041362530414,0.6332569079652183,0.0059748711269935134,72
58,0.03142221768697103,0.00024223212911846456,0.005209604899088542,0.007367493902896334,,gini,6,sqrt,0.05,random,"{'class_weight': None, 'criterion': 'gini', 'max_depth': 6, 'max_features': 'sqrt', 'min_samples_split': 0.05, 'splitter': 'random'}",0.6396396396396397,0.632258064516129,0.6276276276276276,0.6331751105944654,0.004946570413025221,82
13,0.06285818417867024,0.012763487390736359,0.005214214324951172,0.007374012615466019,,entropy,6,,0.005,best,"{'class_weight': None, 'criterion': 'entropy', 'max_depth': 6, 'max_features': None, 'min_samples_split': 0.005, 'splitter': 'best'}",0.6426512968299711,0.6467236467236467,0.6082725060827251,0.632549149878781,0.017246498850772844,83
52,0.04995433489481608,0.009583744862500482,0.005209763844807942,0.007367718686088393,,gini,6,,0.05,random,"{'class_weight': None, 'criterion': 'gini', 'max_depth': 6, 'max_features': None, 'min_samples_split': 0.05, 'splitter': 'random'}",0.6374695863746959,0.6347607052896725,0.6253041362530414,0.6325114759724699,0.005214966829976876,84
64,0.05403939882914225,0.006534105286695506,0.005208571751912435,0.007366032812147957,,gini,9,,0.05,random,"{'class_weight': None, 'criterion': 'gini', 'max_depth': 9, 'max_features': None, 'min_samples_split': 0.05, 'splitter': 'random'}",0.6374695863746959,0.6347607052896725,0.6253041362530414,0.6325114759724699,0.005214966829976876,84
27,0.07853809992472331,1.7996347877476922e-05,0.0,0.0,,entropy,9,,0.01,best,"{'class_weight': None, 'criterion': 'entropy', 'max_depth': 9, 'max_features': None, 'min_samples_split': 0.01, 'splitter': 'best'}",0.6345609065155807,0.6626865671641791,0.5995085995085995,0.6322520243961197,0.025843917424332043,86
15,0.052490552266438804,0.007375232935449913,0.015637874603271484,7.909845533223939e-06,,entropy,6,,0.01,best,"{'class_weight': None, 'criterion': 'entropy', 'max_depth': 6, 'max_features': None, 'min_samples_split': 0.01, 'splitter': 'best'}",0.64,0.6477272727272727,0.606280193236715,0.6313358219879959,0.017995667720165757,87
178,0.029308001200358074,0.0027727039815458043,0.00729680061340332,0.006421594533410563,"{0: 1, 1: 2}",entropy,9,sqrt,0.05,random,"{'class_weight': {0: 1, 1: 2}, 'criterion': 'entropy', 'max_depth': 9, 'max_features': 'sqrt', 'min_samples_split': 0.05, 'splitter': 'random'}",0.6312849162011173,0.6343042071197411,0.6276276276276276,0.631072250316162,0.0027298471889583378,88
214,0.037051995595296226,0.0076688573151029804,0.014273643493652344,0.004535859941441594,"{0: 1, 1: 2}",gini,9,sqrt,0.05,random,"{'class_weight': {0: 1, 1: 2}, 'criterion': 'gini', 'max_depth': 9, 'max_features': 'sqrt', 'min_samples_split': 0.05, 'splitter': 'random'}",0.6312849162011173,0.6343042071197411,0.6276276276276276,0.631072250316162,0.0027298471889583378,88
34,0.022504329681396484,0.006515752688020955,0.00887918472290039,0.006554545908572986,,entropy,9,sqrt,0.05,random,"{'class_weight': None, 'criterion': 'entropy', 'max_depth': 9, 'max_features': 'sqrt', 'min_samples_split': 0.05, 'splitter': 'random'}",0.6312849162011173,0.6343042071197411,0.6276276276276276,0.631072250316162,0.0027298471889583378,88
54,0.03139583269755045,0.00018314337310487136,0.0,0.0,,gini,6,sqrt,0.005,random,"{'class_weight': None, 'criterion': 'gini', 'max_depth': 6, 'max_features': 'sqrt', 'min_samples_split': 0.005, 'splitter': 'random'}",0.6454545454545455,0.6410256410256411,0.6064356435643564,0.630971943348181,0.01744374393913904,91
70,0.03210266431172689,0.011749523077580558,0.0,0.0,,gini,9,sqrt,0.05,random,"{'class_weight': None, 'criterion': 'gini', 'max_depth': 9, 'max_features': 'sqrt', 'min_samples_split': 0.05, 'splitter': 'random'}",0.6312849162011173,0.632258064516129,0.6276276276276276,0.6303902027816246,0.0019934259491076844,92
172,0.0628511110941569,0.00023341664601564025,0.0,0.0,"{0: 1, 1: 2}",entropy,9,,0.05,random,"{'class_weight': {0: 1, 1: 2}, 'criterion': 'entropy', 'max_depth': 9, 'max_features': None, 'min_samples_split': 0.05, 'splitter': 'random'}",0.6390243902439025,0.6320987654320988,0.6190476190476191,0.6300569249078735,0.008282297644250695,93
212,0.03913799921671549,0.006375199421104446,0.005346457163492839,0.0037805163612153513,"{0: 1, 1: 2}",gini,9,sqrt,0.01,random,"{'class_weight': {0: 1, 1: 2}, 'criterion': 'gini', 'max_depth': 9, 'max_features': 'sqrt', 'min_samples_split': 0.01, 'splitter': 'random'}",0.6098654708520179,0.6470588235294118,0.6322751322751323,0.629733142218854,0.015290141833458443,94
176,0.027226845423380535,0.00830330192628967,0.014583746592203775,0.0014607616806011053,"{0: 1, 1: 2}",entropy,9,sqrt,0.01,random,"{'class_weight': {0: 1, 1: 2}, 'criterion': 'entropy', 'max_depth': 9, 'max_features': 'sqrt', 'min_samples_split': 0.01, 'splitter': 'random'}",0.6098654708520179,0.6299212598425197,0.6337662337662338,0.6245176548202571,0.010478893942837497,95
174,0.04511793454488119,0.010346607763003217,0.007244666417439778,0.006435585530067251,"{0: 1, 1: 2}",entropy,9,sqrt,0.005,random,"{'class_weight': {0: 1, 1: 2}, 'criterion': 'entropy', 'max_depth': 9, 'max_features': 'sqrt', 'min_samples_split': 0.005, 'splitter': 'random'}",0.6295399515738499,0.6412429378531074,0.5725806451612904,0.6144545115294159,0.02999228217864108,96
56,0.024178504943847656,0.0064667627695794115,0.012420256932576498,0.004528145117025729,,gini,6,sqrt,0.01,random,"{'class_weight': None, 'criterion': 'gini', 'max_depth': 6, 'max_features': 'sqrt', 'min_samples_split': 0.01, 'splitter': 'random'}",0.648936170212766,0.5933503836317136,0.5922330097087378,0.6115065211844058,0.02647068946225371,97
208,0.05559293429056803,0.006198867896664659,0.010421196619669596,0.007368899878444387,"{0: 1, 1: 2}",gini,9,,0.05,random,"{'class_weight': {0: 1, 1: 2}, 'criterion': 'gini', 'max_depth': 9, 'max_features': None, 'min_samples_split': 0.05, 'splitter': 'random'}",0.6201716738197425,0.6235011990407674,0.5853658536585366,0.6096795755063488,0.01724604760747512,98
198,0.03126859664916992,2.3967886661266692e-05,0.011408090591430664,0.008159857463839132,"{0: 1, 1: 2}",gini,6,sqrt,0.005,random,"{'class_weight': {0: 1, 1: 2}, 'criterion': 'gini', 'max_depth': 6, 'max_features': 'sqrt', 'min_samples_split': 0.005, 'splitter': 'random'}",0.6342710997442456,0.6296296296296297,0.5643776824034334,0.6094261372591029,0.03191037735981493,99
162,0.026047468185424805,0.00736845479163914,0.01562341054280599,2.1531132354965316e-06,"{0: 1, 1: 2}",entropy,6,sqrt,0.005,random,"{'class_weight': {0: 1, 1: 2}, 'criterion': 'entropy', 'max_depth': 6, 'max_features': 'sqrt', 'min_samples_split': 0.005, 'splitter': 'random'}",0.6342710997442456,0.6296296296296297,0.5643776824034334,0.6094261372591029,0.03191037735981493,99
215,0.02968915303548177,0.002582308752710122,0.0028389294942220054,0.004014852593349751,"{0: 1, 1: 2}",gini,9,sqrt,0.05,best,"{'class_weight': {0: 1, 1: 2}, 'criterion': 'gini', 'max_depth': 9, 'max_features': 'sqrt', 'min_samples_split': 0.05, 'splitter': 'best'}",0.6457286432160804,0.6370967741935484,0.5449330783938815,0.6092528319345034,0.04561725048232153,101
20,0.02252086003621419,0.006520279276254341,0.01688806215922038,0.001786071814770606,,entropy,6,sqrt,0.01,random,"{'class_weight': None, 'criterion': 'entropy', 'max_depth': 6, 'max_features': 'sqrt', 'min_samples_split': 0.01, 'splitter': 'random'}",0.6396396396396397,0.5948717948717949,0.5922330097087378,0.6089148147400575,0.021752424318784675,102
160,0.05327463150024414,0.007812537507471465,0.011587142944335938,0.008317910651234677,"{0: 1, 1: 2}",entropy,6,,0.05,random,"{'class_weight': {0: 1, 1: 2}, 'criterion': 'entropy', 'max_depth': 6, 'max_features': None, 'min_samples_split': 0.05, 'splitter': 'random'}",0.5641891891891891,0.635,0.6271186440677966,0.6087692777523287,0.031686665597750914,103
210,0.03017910321553548,0.012782252772160383,0.013967514038085938,0.009157797948402248,"{0: 1, 1: 2}",gini,9,sqrt,0.005,random,"{'class_weight': {0: 1, 1: 2}, 'criterion': 'gini', 'max_depth': 9, 'max_features': 'sqrt', 'min_samples_split': 0.005, 'splitter': 'random'}",0.614190687361419,0.6389684813753582,0.5725806451612904,0.6085799379660225,0.027391562945305273,104
196,0.04997380574544271,0.004093670351249079,0.0052140553792317705,0.007373787832273962,"{0: 1, 1: 2}",gini,6,,0.05,random,"{'class_weight': {0: 1, 1: 2}, 'criterion': 'gini', 'max_depth': 6, 'max_features': None, 'min_samples_split': 0.05, 'splitter': 'random'}",0.5641891891891891,0.6320987654320988,0.6253041362530414,0.6071973636247764,0.030537616667880855,105
203,0.02292005221048991,0.005225259747624182,0.012492895126342773,0.0045777172339829,"{0: 1, 1: 2}",gini,6,sqrt,0.05,best,"{'class_weight': {0: 1, 1: 2}, 'criterion': 'gini', 'max_depth': 6, 'max_features': 'sqrt', 'min_samples_split': 0.05, 'splitter': 'best'}",0.6457286432160804,0.6404494382022472,0.5350553505535055,0.6070778106572777,0.05097315352839579,106
200,0.0314177672068278,0.00021499886607908265,0.010426044464111328,0.007372326949705761,"{0: 1, 1: 2}",gini,6,sqrt,0.01,random,"{'class_weight': {0: 1, 1: 2}, 'criterion': 'gini', 'max_depth': 6, 'max_features': 'sqrt', 'min_samples_split': 0.01, 'splitter': 'random'}",0.6045454545454545,0.5950617283950618,0.5922330097087378,0.5972800642164181,0.00526560125256569,107
164,0.020798603693644207,0.007390378990300279,0.017800569534301758,0.0030652720764771245,"{0: 1, 1: 2}",entropy,6,sqrt,0.01,random,"{'class_weight': {0: 1, 1: 2}, 'criterion': 'entropy', 'max_depth': 6, 'max_features': 'sqrt', 'min_samples_split': 0.01, 'splitter': 'random'}",0.6045454545454545,0.5950617283950618,0.5922330097087378,0.5972800642164181,0.00526560125256569,107
158,0.06520366668701172,0.004901222219315935,0.010049661000569662,0.003998435729256773,"{0: 1, 1: 2}",entropy,6,,0.01,random,"{'class_weight': {0: 1, 1: 2}, 'criterion': 'entropy', 'max_depth': 6, 'max_features': None, 'min_samples_split': 0.01, 'splitter': 'random'}",0.5806451612903226,0.6253101736972705,0.564870259481038,0.5902751981562103,0.025596861984042162,109
163,0.03125810623168945,1.0578551126248058e-05,0.01558979352315267,4.92999557799874e-05,"{0: 1, 1: 2}",entropy,6,sqrt,0.005,best,"{'class_weight': {0: 1, 1: 2}, 'criterion': 'entropy', 'max_depth': 6, 'max_features': 'sqrt', 'min_samples_split': 0.005, 'splitter': 'best'}",0.6578947368421053,0.5598526703499079,0.5482625482625483,0.5886699851515205,0.04917745023529462,110
167,0.029122352600097656,0.0036201433556322556,0.005333503087361653,0.003771356201808846,"{0: 1, 1: 2}",entropy,6,sqrt,0.05,best,"{'class_weight': {0: 1, 1: 2}, 'criterion': 'entropy', 'max_depth': 6, 'max_features': 'sqrt', 'min_samples_split': 0.05, 'splitter': 'best'}",0.6577540106951871,0.5557586837294333,0.5482625482625483,0.5872584142290562,0.04994176510411,111
175,0.03465811411539713,0.004498283920438129,0.007294178009033203,0.006418192460332633,"{0: 1, 1: 2}",entropy,9,sqrt,0.005,best,"{'class_weight': {0: 1, 1: 2}, 'criterion': 'entropy', 'max_depth': 9, 'max_features': 'sqrt', 'min_samples_split': 0.005, 'splitter': 'best'}",0.6258992805755396,0.5987394957983193,0.5303571428571429,0.5849986397436672,0.040196876858667116,112
165,0.031385342280069985,0.011018897210299354,0.008379062016805014,0.006429457224552143,"{0: 1, 1: 2}",entropy,6,sqrt,0.01,best,"{'class_weight': {0: 1, 1: 2}, 'criterion': 'entropy', 'max_depth': 6, 'max_features': 'sqrt', 'min_samples_split': 0.01, 'splitter': 'best'}",0.6482939632545932,0.5547309833024119,0.5482625482625483,0.5837624982731845,0.04570698445862384,113
179,0.0342248280843099,0.009973198088981144,0.013084967931111654,0.0035923164526916146,"{0: 1, 1: 2}",entropy,9,sqrt,0.05,best,"{'class_weight': {0: 1, 1: 2}, 'criterion': 'entropy', 'max_depth': 9, 'max_features': 'sqrt', 'min_samples_split': 0.05, 'splitter': 'best'}",0.6482939632545932,0.5557586837294333,0.5449330783938815,0.582995241792636,0.04638419774840699,114
201,0.03801314036051432,0.0057426952866849075,0.010422309239705404,0.005986353637777207,"{0: 1, 1: 2}",gini,6,sqrt,0.01,best,"{'class_weight': {0: 1, 1: 2}, 'criterion': 'gini', 'max_depth': 6, 'max_features': 'sqrt', 'min_samples_split': 0.01, 'splitter': 'best'}",0.6155660377358491,0.5885286783042394,0.5351851851851852,0.5797599670750913,0.0333959886479203,115
156,0.05738155047098795,0.00866522907210209,0.010544141133626303,0.007457407558299288,"{0: 1, 1: 2}",entropy,6,,0.005,random,"{'class_weight': {0: 1, 1: 2}, 'criterion': 'entropy', 'max_depth': 6, 'max_features': None, 'min_samples_split': 0.005, 'splitter': 'random'}",0.5582191780821918,0.5685185185185185,0.6,0.5755792322002368,0.01777262929907113,116
199,0.03142865498860677,0.00022894948824896808,0.0,0.0,"{0: 1, 1: 2}",gini,6,sqrt,0.005,best,"{'class_weight': {0: 1, 1: 2}, 'criterion': 'gini', 'max_depth': 6, 'max_features': 'sqrt', 'min_samples_split': 0.005, 'splitter': 'best'}",0.5976744186046512,0.5889724310776943,0.5351851851851852,0.5739440116225102,0.027635920065847176,117
211,0.036603053410847984,0.007269827428663561,0.010416905085245768,0.007365864276844622,"{0: 1, 1: 2}",gini,9,sqrt,0.005,best,"{'class_weight': {0: 1, 1: 2}, 'criterion': 'gini', 'max_depth': 9, 'max_features': 'sqrt', 'min_samples_split': 0.005, 'splitter': 'best'}",0.6220095693779905,0.5751633986928104,0.5172413793103449,0.5714714491270486,0.042851030957723565,118
213,0.03138359387715658,0.0001877522047918808,0.010553757349650065,0.007464317613516853,"{0: 1, 1: 2}",gini,9,sqrt,0.01,best,"{'class_weight': {0: 1, 1: 2}, 'criterion': 'gini', 'max_depth': 9, 'max_features': 'sqrt', 'min_samples_split': 0.01, 'splitter': 'best'}",0.6166281755196305,0.5521739130434783,0.5425330812854442,0.5704450566161844,0.032892722224265786,119
177,0.03152736028035482,0.00021030269649860748,0.010432561238606771,0.007376942286763974,"{0: 1, 1: 2}",entropy,9,sqrt,0.01,best,"{'class_weight': {0: 1, 1: 2}, 'criterion': 'entropy', 'max_depth': 9, 'max_features': 'sqrt', 'min_samples_split': 0.01, 'splitter': 'best'}",0.6114942528735632,0.5400696864111498,0.5401869158878505,0.5639169517241879,0.033642266314675415,120
170,0.07120259602864583,0.011698735473138419,0.007918914159138998,0.006386356192417881,"{0: 1, 1: 2}",entropy,9,,0.01,random,"{'class_weight': {0: 1, 1: 2}, 'criterion': 'entropy', 'max_depth': 9, 'max_features': None, 'min_samples_split': 0.01, 'splitter': 'random'}",0.5967078189300411,0.574108818011257,0.5166959578207382,0.5625041982540121,0.033679616776583376,121
168,0.08124677340189616,0.015139256132643171,0.005671024322509766,0.0040312203102402635,"{0: 1, 1: 2}",entropy,9,,0.005,random,"{'class_weight': {0: 1, 1: 2}, 'criterion': 'entropy', 'max_depth': 9, 'max_features': None, 'min_samples_split': 0.005, 'splitter': 'random'}",0.5589285714285714,0.5619389587073609,0.5557692307692308,0.558878920301721,0.0025190255567624914,122
73,0.04342484474182129,0.005289844732346508,0.009457985560099283,0.006790159353416426,balanced,entropy,3,,0.005,best,"{'class_weight': 'balanced', 'criterion': 'entropy', 'max_depth': 3, 'max_features': None, 'min_samples_split': 0.005, 'splitter': 'best'}",0.5573770491803278,0.590316573556797,0.5255102040816326,0.5577346089395858,0.026458297600487703,123
75,0.04509981473286947,0.007909113223775193,0.00791637102762858,0.006381598679432614,balanced,entropy,3,,0.01,best,"{'class_weight': 'balanced', 'criterion': 'entropy', 'max_depth': 3, 'max_features': None, 'min_samples_split': 0.01, 'splitter': 'best'}",0.5573770491803278,0.5892193308550185,0.5255102040816326,0.5573688613723263,0.026009142736571043,124
109,0.04521822929382324,0.010448705783285602,0.005211671193440755,0.007370416084393091,balanced,gini,3,,0.005,best,"{'class_weight': 'balanced', 'criterion': 'gini', 'max_depth': 3, 'max_features': None, 'min_samples_split': 0.005, 'splitter': 'best'}",0.5573770491803278,0.5892193308550185,0.5255102040816326,0.5573688613723263,0.026009142736571043,124
111,0.04197875658671061,0.007223460262762474,0.01037899653116862,0.007339220188330024,balanced,gini,3,,0.01,best,"{'class_weight': 'balanced', 'criterion': 'gini', 'max_depth': 3, 'max_features': None, 'min_samples_split': 0.01, 'splitter': 'best'}",0.5573770491803278,0.5892193308550185,0.5255102040816326,0.5573688613723263,0.026009142736571043,124
183,0.03994393348693848,0.006613113942440471,0.012421369552612305,0.00911979132783416,"{0: 1, 1: 2}",gini,3,,0.01,best,"{'class_weight': {0: 1, 1: 2}, 'criterion': 'gini', 'max_depth': 3, 'max_features': None, 'min_samples_split': 0.01, 'splitter': 'best'}",0.55668358714044,0.5889328063241107,0.5246179966044142,0.5567447966896549,0.026256446792827574,127
181,0.04460247357686361,0.010094434149951703,0.013134638468424479,0.003528983809623304,"{0: 1, 1: 2}",gini,3,,0.005,best,"{'class_weight': {0: 1, 1: 2}, 'criterion': 'gini', 'max_depth': 3, 'max_features': None, 'min_samples_split': 0.005, 'splitter': 'best'}",0.55668358714044,0.5881188118811881,0.5246179966044142,0.5564734652086808,0.025924525050273588,128
147,0.0315255324045817,0.00019199682363268925,0.01563262939453125,5.849763940041207e-06,"{0: 1, 1: 2}",entropy,3,,0.01,best,"{'class_weight': {0: 1, 1: 2}, 'criterion': 'entropy', 'max_depth': 3, 'max_features': None, 'min_samples_split': 0.01, 'splitter': 'best'}",0.5553691275167785,0.5889328063241107,0.5246179966044142,0.5563066434817677,0.02626477856317149,129
145,0.047154903411865234,0.00019759056314879207,0.005208730697631836,0.007366257595340015,"{0: 1, 1: 2}",entropy,3,,0.005,best,"{'class_weight': {0: 1, 1: 2}, 'criterion': 'entropy', 'max_depth': 3, 'max_features': None, 'min_samples_split': 0.005, 'splitter': 'best'}",0.5553691275167785,0.5881188118811881,0.5246179966044142,0.5560353120007936,0.025928378745161275,130
197,0.05773226420084635,0.007379023440260396,0.010415156682332357,0.007364639639564923,"{0: 1, 1: 2}",gini,6,,0.05,best,"{'class_weight': {0: 1, 1: 2}, 'criterion': 'gini', 'max_depth': 6, 'max_features': None, 'min_samples_split': 0.05, 'splitter': 'best'}",0.5544715447154471,0.5860113421550095,0.5243697478991597,0.5549508782565388,0.025167357907726635,131
161,0.06256810824076335,0.00024265345582672056,0.01042628288269043,0.007372496871602128,"{0: 1, 1: 2}",entropy,6,,0.05,best,"{'class_weight': {0: 1, 1: 2}, 'criterion': 'entropy', 'max_depth': 6, 'max_features': None, 'min_samples_split': 0.05, 'splitter': 'best'}",0.5544715447154471,0.5860113421550095,0.5243697478991597,0.5549508782565388,0.025167357907726635,131
185,0.040577332178751625,0.0071734515510403,0.012456973393758139,0.005973581378137618,"{0: 1, 1: 2}",gini,3,,0.05,best,"{'class_weight': {0: 1, 1: 2}, 'criterion': 'gini', 'max_depth': 3, 'max_features': None, 'min_samples_split': 0.05, 'splitter': 'best'}",0.5544715447154471,0.5860113421550095,0.5243697478991597,0.5549508782565388,0.025167357907726635,131
149,0.03125222524007162,9.553285662469314e-06,0.016314983367919922,0.0004838458209050635,"{0: 1, 1: 2}",entropy,3,,0.05,best,"{'class_weight': {0: 1, 1: 2}, 'criterion': 'entropy', 'max_depth': 3, 'max_features': None, 'min_samples_split': 0.05, 'splitter': 'best'}",0.5544715447154471,0.5860113421550095,0.5243697478991597,0.5549508782565388,0.025167357907726635,131
77,0.04759860038757324,0.0008340337865152455,0.011260986328125,0.008028435745951117,balanced,entropy,3,,0.05,best,"{'class_weight': 'balanced', 'criterion': 'entropy', 'max_depth': 3, 'max_features': None, 'min_samples_split': 0.05, 'splitter': 'best'}",0.5544715447154471,0.584870848708487,0.5243697478991597,0.5545707137743646,0.024699570518017553,135
113,0.046979268391927086,0.012973784670643125,0.0,0.0,balanced,gini,3,,0.05,best,"{'class_weight': 'balanced', 'criterion': 'gini', 'max_depth': 3, 'max_features': None, 'min_samples_split': 0.05, 'splitter': 'best'}",0.5544715447154471,0.584870848708487,0.5243697478991597,0.5545707137743646,0.024699570518017553,135
192,0.0689557393391927,0.008939837843296645,0.0026661554972330728,0.0037705132635825946,"{0: 1, 1: 2}",gini,6,,0.005,random,"{'class_weight': {0: 1, 1: 2}, 'criterion': 'gini', 'max_depth': 6, 'max_features': None, 'min_samples_split': 0.005, 'splitter': 'random'}",0.5559380378657487,0.5539823008849557,0.5494505494505495,0.5531236294004179,0.002717212299778902,137
157,0.06486654281616211,0.0027088716134423254,0.008063316345214844,0.007627399938843897,"{0: 1, 1: 2}",entropy,6,,0.005,best,"{'class_weight': {0: 1, 1: 2}, 'criterion': 'entropy', 'max_depth': 6, 'max_features': None, 'min_samples_split': 0.005, 'splitter': 'best'}",0.5585738539898133,0.5739299610894941,0.5249569707401033,0.5524869286064703,0.020451184829689318,138
173,0.07944599787394206,0.011711957267424205,0.005200703938802083,0.007354906044141082,"{0: 1, 1: 2}",entropy,9,,0.05,best,"{'class_weight': {0: 1, 1: 2}, 'criterion': 'entropy', 'max_depth': 9, 'max_features': None, 'min_samples_split': 0.05, 'splitter': 'best'}",0.5544715447154471,0.5834896810506567,0.5189456342668863,0.5523022866776633,0.026394604930203076,139
193,0.0676124890645345,0.007791265278999668,0.002666950225830078,0.0037716371795428853,"{0: 1, 1: 2}",gini,6,,0.005,best,"{'class_weight': {0: 1, 1: 2}, 'criterion': 'gini', 'max_depth': 6, 'max_features': None, 'min_samples_split': 0.005, 'splitter': 'best'}",0.5564924114671164,0.5739299610894941,0.5261324041811847,0.5521849255792651,0.019749555903974123,140
209,0.08428589502970378,0.007028120626134461,0.010417540868123373,0.007366313822647769,"{0: 1, 1: 2}",gini,9,,0.05,best,"{'class_weight': {0: 1, 1: 2}, 'criterion': 'gini', 'max_depth': 9, 'max_features': None, 'min_samples_split': 0.05, 'splitter': 'best'}",0.5526742301458671,0.5834896810506567,0.5180921052631579,0.5514186721532273,0.026713205836877446,141
159,0.05014665921529134,0.004337224879502511,0.010422945022583008,0.007370135136896419,"{0: 1, 1: 2}",entropy,6,,0.01,best,"{'class_weight': {0: 1, 1: 2}, 'criterion': 'entropy', 'max_depth': 6, 'max_features': None, 'min_samples_split': 0.01, 'splitter': 'best'}",0.5574324324324325,0.5722543352601156,0.523972602739726,0.5512197901440914,0.02019453914543524,142
195,0.052529493967692055,0.008873880932803769,0.005208651224772136,0.007366145203743986,"{0: 1, 1: 2}",gini,6,,0.01,best,"{'class_weight': {0: 1, 1: 2}, 'criterion': 'gini', 'max_depth': 6, 'max_features': None, 'min_samples_split': 0.01, 'splitter': 'best'}",0.5564924114671164,0.5722543352601156,0.5242214532871973,0.5509894000048098,0.019991694759270814,143
206,0.05971876780192057,0.014065070119364663,0.014043251673380533,0.0025057216182545793,"{0: 1, 1: 2}",gini,9,,0.01,random,"{'class_weight': {0: 1, 1: 2}, 'criterion': 'gini', 'max_depth': 9, 'max_features': None, 'min_samples_split': 0.01, 'splitter': 'random'}",0.5311475409836065,0.5828220858895705,0.5245614035087719,0.5461770101273163,0.026051109828250676,144
194,0.05515869458516439,0.006232193233862205,0.005336364110310872,0.0037733797024664785,"{0: 1, 1: 2}",gini,6,,0.01,random,"{'class_weight': {0: 1, 1: 2}, 'criterion': 'gini', 'max_depth': 6, 'max_features': None, 'min_samples_split': 0.01, 'splitter': 'random'}",0.5212765957446809,0.5537918871252204,0.562,0.5456894942899672,0.01758475648164455,145
171,0.07340081532796223,0.007404796799676138,0.010425964991251627,0.00737228331998104,"{0: 1, 1: 2}",entropy,9,,0.01,best,"{'class_weight': {0: 1, 1: 2}, 'criterion': 'entropy', 'max_depth': 9, 'max_features': None, 'min_samples_split': 0.01, 'splitter': 'best'}",0.5553691275167785,0.5692307692307692,0.5108877721943048,0.5451625563139508,0.02488784037219804,146
204,0.0823662281036377,0.004314021574952221,0.014902750651041666,0.005375428120263177,"{0: 1, 1: 2}",gini,9,,0.005,random,"{'class_weight': {0: 1, 1: 2}, 'criterion': 'gini', 'max_depth': 9, 'max_features': None, 'min_samples_split': 0.005, 'splitter': 'random'}",0.5733855185909981,0.5507246376811594,0.5086505190311419,0.5442535584344331,0.02682115075789632,147
207,0.08673135439554851,0.006581940943997184,0.010418017705281576,0.007366650966569143,"{0: 1, 1: 2}",gini,9,,0.01,best,"{'class_weight': {0: 1, 1: 2}, 'criterion': 'gini', 'max_depth': 9, 'max_features': None, 'min_samples_split': 0.01, 'splitter': 'best'}",0.5518394648829431,0.5489130434782609,0.5083892617449665,0.5363805900353902,0.01982888179997636,148
169,0.08679652214050293,0.019784427012457553,0.013080517450968424,0.0035922110236976247,"{0: 1, 1: 2}",entropy,9,,0.005,best,"{'class_weight': {0: 1, 1: 2}, 'criterion': 'entropy', 'max_depth': 9, 'max_features': None, 'min_samples_split': 0.005, 'splitter': 'best'}",0.5649122807017544,0.5279187817258884,0.5117845117845118,0.5348718580707182,0.02223958798364987,149
205,0.08260766665140788,0.007720261870953398,0.013088305791219076,0.00359282385896973,"{0: 1, 1: 2}",gini,9,,0.005,best,"{'class_weight': {0: 1, 1: 2}, 'criterion': 'gini', 'max_depth': 9, 'max_features': None, 'min_samples_split': 0.005, 'splitter': 'best'}",0.5465313028764806,0.5352112676056338,0.5101351351351351,0.5306259018724164,0.015208318792567914,150
74,0.03710611661275228,0.007986232225828858,0.007880608240763346,0.0063863473153878345,balanced,entropy,3,,0.01,random,"{'class_weight': 'balanced', 'criterion': 'entropy', 'max_depth': 3, 'max_features': None, 'min_samples_split': 0.01, 'splitter': 'random'}",0.5272108843537415,0.5289855072463768,0.4431977559607293,0.4997980491869492,0.04002900795317752,151
72,0.03578480084737142,0.009469846587928476,0.011882623036702475,0.005560100533490881,balanced,entropy,3,,0.005,random,"{'class_weight': 'balanced', 'criterion': 'entropy', 'max_depth': 3, 'max_features': None, 'min_samples_split': 0.005, 'splitter': 'random'}",0.5272108843537415,0.5289855072463768,0.4431977559607293,0.4997980491869492,0.04002900795317752,151
108,0.03945843378702799,0.006404477049363871,0.010542869567871094,0.007456516624886336,balanced,gini,3,,0.005,random,"{'class_weight': 'balanced', 'criterion': 'gini', 'max_depth': 3, 'max_features': None, 'min_samples_split': 0.005, 'splitter': 'random'}",0.5272108843537415,0.5289855072463768,0.4431977559607293,0.4997980491869492,0.04002900795317752,151
110,0.03193068504333496,0.0006862128238906575,0.015630006790161133,3.698691138655375e-06,balanced,gini,3,,0.01,random,"{'class_weight': 'balanced', 'criterion': 'gini', 'max_depth': 3, 'max_features': None, 'min_samples_split': 0.01, 'splitter': 'random'}",0.5272108843537415,0.5289855072463768,0.4431977559607293,0.4997980491869492,0.04002900795317752,151
112,0.04385765393575033,0.004648533731067701,0.010375022888183594,0.007336379790506573,balanced,gini,3,,0.05,random,"{'class_weight': 'balanced', 'criterion': 'gini', 'max_depth': 3, 'max_features': None, 'min_samples_split': 0.05, 'splitter': 'random'}",0.5272108843537415,0.5251798561151079,0.4431977559607293,0.4985294988098595,0.03913423559977666,155
76,0.04498593012491862,0.010388185967059755,0.0026721954345703125,0.0037790550248808026,balanced,entropy,3,,0.05,random,"{'class_weight': 'balanced', 'criterion': 'entropy', 'max_depth': 3, 'max_features': None, 'min_samples_split': 0.05, 'splitter': 'random'}",0.5272108843537415,0.5251798561151079,0.4431977559607293,0.4985294988098595,0.03913423559977666,155
83,0.026046355565388996,0.007360919072395426,0.015761137008666992,0.0001888243035965008,balanced,entropy,3,sqrt,0.05,best,"{'class_weight': 'balanced', 'criterion': 'entropy', 'max_depth': 3, 'max_features': 'sqrt', 'min_samples_split': 0.05, 'splitter': 'best'}",0.19481429572529782,0.6394366197183099,0.6436170212765957,0.49262264557340113,0.21058921920607246,157
115,0.031390746434529625,0.0001885658690055261,0.0,0.0,balanced,gini,3,sqrt,0.005,best,"{'class_weight': 'balanced', 'criterion': 'gini', 'max_depth': 3, 'max_features': 'sqrt', 'min_samples_split': 0.005, 'splitter': 'best'}",0.19481429572529782,0.6394366197183099,0.6436170212765957,0.49262264557340113,0.21058921920607246,157
119,0.021842082341512043,0.006773589813430979,0.014756202697753906,0.0012317004854237401,balanced,gini,3,sqrt,0.05,best,"{'class_weight': 'balanced', 'criterion': 'gini', 'max_depth': 3, 'max_features': 'sqrt', 'min_samples_split': 0.05, 'splitter': 'best'}",0.19481429572529782,0.6394366197183099,0.6436170212765957,0.49262264557340113,0.21058921920607246,157
79,0.024329980214436848,0.006619923948466773,0.007106781005859375,0.010050506083301835,balanced,entropy,3,sqrt,0.005,best,"{'class_weight': 'balanced', 'criterion': 'entropy', 'max_depth': 3, 'max_features': 'sqrt', 'min_samples_split': 0.005, 'splitter': 'best'}",0.19481429572529782,0.6394366197183099,0.6436170212765957,0.49262264557340113,0.21058921920607246,157
117,0.030216137568155926,0.0014659798118862003,0.0011737346649169922,0.0016599114817530505,balanced,gini,3,sqrt,0.01,best,"{'class_weight': 'balanced', 'criterion': 'gini', 'max_depth': 3, 'max_features': 'sqrt', 'min_samples_split': 0.01, 'splitter': 'best'}",0.19481429572529782,0.6394366197183099,0.6436170212765957,0.49262264557340113,0.21058921920607246,157
81,0.030562957127888996,0.0009887054973640739,0.010417461395263672,0.007366258174094721,balanced,entropy,3,sqrt,0.01,best,"{'class_weight': 'balanced', 'criterion': 'entropy', 'max_depth': 3, 'max_features': 'sqrt', 'min_samples_split': 0.01, 'splitter': 'best'}",0.19481429572529782,0.6394366197183099,0.6436170212765957,0.49262264557340113,0.21058921920607246,157
121,0.06836128234863281,0.009046387682195236,0.009676615397135416,0.002360114023247852,balanced,gini,6,,0.005,best,"{'class_weight': 'balanced', 'criterion': 'gini', 'max_depth': 6, 'max_features': None, 'min_samples_split': 0.005, 'splitter': 'best'}",0.42787524366471735,0.4334763948497854,0.4180672268907563,0.4264729551350864,0.006368433828273275,163
123,0.06432859102884929,0.0035236455293413656,0.005776564280192058,0.006998583619350878,balanced,gini,6,,0.01,best,"{'class_weight': 'balanced', 'criterion': 'gini', 'max_depth': 6, 'max_features': None, 'min_samples_split': 0.01, 'splitter': 'best'}",0.42787524366471735,0.4330117899249732,0.4180672268907563,0.42631808682681566,0.006199652900729656,164
85,0.06572930018107097,0.009524702816855012,0.015909751256306965,0.00040405247719358116,balanced,entropy,6,,0.005,best,"{'class_weight': 'balanced', 'criterion': 'entropy', 'max_depth': 6, 'max_features': None, 'min_samples_split': 0.005, 'splitter': 'best'}",0.4267578125,0.4334763948497854,0.4182590233545648,0.4261644102347834,0.0062266199226740145,165
87,0.06063985824584961,0.010422189059514489,0.010573307673136393,0.007478918516922366,balanced,entropy,6,,0.01,best,"{'class_weight': 'balanced', 'criterion': 'entropy', 'max_depth': 6, 'max_features': None, 'min_samples_split': 0.01, 'splitter': 'best'}",0.4269005847953216,0.4330117899249732,0.41798941798941797,0.4259672642365709,0.0061682644826336315,166
89,0.060924132664998375,0.015287102231818624,0.010422706604003906,0.007369972945378073,balanced,entropy,6,,0.05,best,"{'class_weight': 'balanced', 'criterion': 'entropy', 'max_depth': 6, 'max_features': None, 'min_samples_split': 0.05, 'splitter': 'best'}",0.425,0.4293304994686504,0.41435897435897434,0.42289649127587486,0.006290479724248263,167
125,0.060118913650512695,0.003690105106970217,0.0,0.0,balanced,gini,6,,0.05,best,"{'class_weight': 'balanced', 'criterion': 'gini', 'max_depth': 6, 'max_features': None, 'min_samples_split': 0.05, 'splitter': 'best'}",0.425,0.4293304994686504,0.41435897435897434,0.42289649127587486,0.006290479724248263,167
118,0.03139368693033854,0.0002038917376597728,0.0053471724192301435,0.007562043755622621,balanced,gini,3,sqrt,0.05,random,"{'class_weight': 'balanced', 'criterion': 'gini', 'max_depth': 3, 'max_features': 'sqrt', 'min_samples_split': 0.05, 'splitter': 'random'}",0.41875,0.41450777202072536,0.3987096774193548,0.41065581648002675,0.008622907607055315,169
80,0.0198208491007487,0.008738386120756926,0.01646900177001953,0.0028063151463303035,balanced,entropy,3,sqrt,0.01,random,"{'class_weight': 'balanced', 'criterion': 'entropy', 'max_depth': 3, 'max_features': 'sqrt', 'min_samples_split': 0.01, 'splitter': 'random'}",0.41875,0.41450777202072536,0.3987096774193548,0.41065581648002675,0.008622907607055315,169
78,0.02564406394958496,0.007174021576780923,0.011260986328125,0.008028435745951117,balanced,entropy,3,sqrt,0.005,random,"{'class_weight': 'balanced', 'criterion': 'entropy', 'max_depth': 3, 'max_features': 'sqrt', 'min_samples_split': 0.005, 'splitter': 'random'}",0.41875,0.41450777202072536,0.3987096774193548,0.41065581648002675,0.008622907607055315,169
82,0.02618090311686198,0.007457859926997241,0.005208571751912435,0.007366032812147957,balanced,entropy,3,sqrt,0.05,random,"{'class_weight': 'balanced', 'criterion': 'entropy', 'max_depth': 3, 'max_features': 'sqrt', 'min_samples_split': 0.05, 'splitter': 'random'}",0.41875,0.41450777202072536,0.3987096774193548,0.41065581648002675,0.008622907607055315,169
114,0.02313852310180664,0.006581060091073832,0.00838017463684082,0.00642950216268025,balanced,gini,3,sqrt,0.005,random,"{'class_weight': 'balanced', 'criterion': 'gini', 'max_depth': 3, 'max_features': 'sqrt', 'min_samples_split': 0.005, 'splitter': 'random'}",0.41875,0.41450777202072536,0.3987096774193548,0.41065581648002675,0.008622907607055315,169
116,0.024012247721354168,0.0064292070462689515,0.007381995519002278,0.006410127020625457,balanced,gini,3,sqrt,0.01,random,"{'class_weight': 'balanced', 'criterion': 'gini', 'max_depth': 3, 'max_features': 'sqrt', 'min_samples_split': 0.01, 'splitter': 'random'}",0.41875,0.41450777202072536,0.3987096774193548,0.41065581648002675,0.008622907607055315,169
90,0.026051044464111328,0.007370642741635082,0.011256059010823568,0.008025653243643368,balanced,entropy,6,sqrt,0.005,random,"{'class_weight': 'balanced', 'criterion': 'entropy', 'max_depth': 6, 'max_features': 'sqrt', 'min_samples_split': 0.005, 'splitter': 'random'}",0.30493576741041245,0.28655352480417756,0.2825503355704698,0.29134654259501996,0.009747021915186128,175
126,0.020967404047648113,0.0072712501601276645,0.010421117146809896,0.0073688454022383795,balanced,gini,6,sqrt,0.005,random,"{'class_weight': 'balanced', 'criterion': 'gini', 'max_depth': 6, 'max_features': 'sqrt', 'min_samples_split': 0.005, 'splitter': 'random'}",0.30493576741041245,0.2855288773523686,0.2834008097165992,0.2912884848264601,0.009689114490337065,176
128,0.031396945317586265,0.00020326022472340203,0.010413646697998047,0.007363560701379657,balanced,gini,6,sqrt,0.01,random,"{'class_weight': 'balanced', 'criterion': 'gini', 'max_depth': 6, 'max_features': 'sqrt', 'min_samples_split': 0.01, 'splitter': 'random'}",0.2988808426596445,0.2868421052631579,0.28112449799196787,0.2889491486382567,0.0074005255591632554,177
92,0.02618543306986491,0.007466578630052351,0.010424375534057617,0.007371150640446784,balanced,entropy,6,sqrt,0.01,random,"{'class_weight': 'balanced', 'criterion': 'entropy', 'max_depth': 6, 'max_features': 'sqrt', 'min_samples_split': 0.01, 'splitter': 'random'}",0.2988808426596445,0.2878888153540701,0.27360308285163776,0.2867909136217841,0.010348762450590814,178
94,0.026318152745564777,0.007560695056470274,0.015638351440429688,6.0691461855687405e-06,balanced,entropy,6,sqrt,0.05,random,"{'class_weight': 'balanced', 'criterion': 'entropy', 'max_depth': 6, 'max_features': 'sqrt', 'min_samples_split': 0.05, 'splitter': 'random'}",0.2889589905362776,0.2756923076923077,0.2707672796448954,0.2784728592911602,0.007682585792310628,179
130,0.032899061838785805,0.0020370475337050326,0.009077787399291992,0.006644956688872492,balanced,gini,6,sqrt,0.05,random,"{'class_weight': 'balanced', 'criterion': 'gini', 'max_depth': 6, 'max_features': 'sqrt', 'min_samples_split': 0.05, 'splitter': 'random'}",0.2889589905362776,0.2747858017135863,0.2707672796448954,0.27817069063158645,0.007802892242807949,180
84,0.05784853299458822,0.007766950133828199,0.0130918820699056,0.003593666195785955,balanced,entropy,6,,0.005,random,"{'class_weight': 'balanced', 'criterion': 'entropy', 'max_depth': 6, 'max_features': None, 'min_samples_split': 0.005, 'splitter': 'random'}",0.20884196634774002,0.42637362637362636,0.18201970443349755,0.272411765718288,0.10941678523239912,181
107,0.03003525733947754,0.0017219532272903975,0.014697392781575521,0.004440063978793651,balanced,entropy,9,sqrt,0.05,best,"{'class_weight': 'balanced', 'criterion': 'entropy', 'max_depth': 9, 'max_features': 'sqrt', 'min_samples_split': 0.05, 'splitter': 'best'}",0.2928053541550474,0.26627508565834557,0.22409823484267075,0.2610595582186879,0.02829096859313535,182
143,0.02675906817118327,0.00792083059355728,0.018893877665201824,0.004622048364098007,balanced,gini,9,sqrt,0.05,best,"{'class_weight': 'balanced', 'criterion': 'gini', 'max_depth': 9, 'max_features': 'sqrt', 'min_samples_split': 0.05, 'splitter': 'best'}",0.2897042716319825,0.26627508565834557,0.22409823484267075,0.2600258640443329,0.027145626951511157,183
132,0.07641641298929851,0.013262203355241517,0.010418176651000977,0.007366764335550421,balanced,gini,9,,0.005,random,"{'class_weight': 'balanced', 'criterion': 'gini', 'max_depth': 9, 'max_features': None, 'min_samples_split': 0.005, 'splitter': 'random'}",0.2062364927446743,0.2430795847750865,0.2926682692307692,0.24732811558351,0.035413279121050634,184
91,0.02739254633585612,0.005463036288220125,0.009217421213785807,0.006681917156402287,balanced,entropy,6,sqrt,0.005,best,"{'class_weight': 'balanced', 'criterion': 'entropy', 'max_depth': 6, 'max_features': 'sqrt', 'min_samples_split': 0.005, 'splitter': 'best'}",0.28484107579462103,0.217440543601359,0.2375,0.24659387313199335,0.028257527980927264,185
127,0.03125659624735514,4.777634418865565e-06,0.005346059799194336,0.007560470273278215,balanced,gini,6,sqrt,0.005,best,"{'class_weight': 'balanced', 'criterion': 'gini', 'max_depth': 6, 'max_features': 'sqrt', 'min_samples_split': 0.005, 'splitter': 'best'}",0.2844932844932845,0.21778447626224567,0.23676148796498905,0.2463464162401731,0.02806444264464311,186
100,0.061191717783610024,0.010679965862180393,0.017629702885945637,0.002832044105790637,balanced,entropy,9,,0.05,random,"{'class_weight': 'balanced', 'criterion': 'entropy', 'max_depth': 9, 'max_features': None, 'min_samples_split': 0.05, 'splitter': 'random'}",0.2125748502994012,0.2715863453815261,0.23202875399361023,0.23872998322484584,0.024552922336103396,187
96,0.07363327344258626,0.0034772463906643856,0.005338509877522786,0.003774903407412936,balanced,entropy,9,,0.005,random,"{'class_weight': 'balanced', 'criterion': 'entropy', 'max_depth': 9, 'max_features': None, 'min_samples_split': 0.005, 'splitter': 'random'}",0.22264675234456408,0.23438138015516538,0.24537444933920705,0.23413419394631219,0.009280189597074016,188
98,0.06763545672098796,0.00771239401828708,0.010417461395263672,0.007366257852564334,balanced,entropy,9,,0.01,random,"{'class_weight': 'balanced', 'criterion': 'entropy', 'max_depth': 9, 'max_features': None, 'min_samples_split': 0.01, 'splitter': 'random'}",0.19866629619338705,0.2719206680584551,0.22243060765191297,0.2310058573012517,0.030514498512977748,189
105,0.0386049747467041,0.005749329203124664,0.010547955830891928,0.009814644221445198,balanced,entropy,9,sqrt,0.01,best,"{'class_weight': 'balanced', 'criterion': 'entropy', 'max_depth': 9, 'max_features': 'sqrt', 'min_samples_split': 0.01, 'splitter': 'best'}",0.24253731343283583,0.23446561723280862,0.20265268352868598,0.22655187139811014,0.017217558005321324,190
138,0.04375521341959635,0.004709032265850735,0.003337224324544271,0.004719547900451899,balanced,gini,9,sqrt,0.005,random,"{'class_weight': 'balanced', 'criterion': 'gini', 'max_depth': 9, 'max_features': 'sqrt', 'min_samples_split': 0.005, 'splitter': 'random'}",0.1944063613929257,0.21569965870307167,0.267590027700831,0.22589868259894277,0.030735184180220573,191
102,0.03392704327901205,0.0037722749541232656,0.013088464736938477,0.0035919239089867243,balanced,entropy,9,sqrt,0.005,random,"{'class_weight': 'balanced', 'criterion': 'entropy', 'max_depth': 9, 'max_features': 'sqrt', 'min_samples_split': 0.005, 'splitter': 'random'}",0.19519602429596908,0.21642808452624404,0.26483516483516484,0.22548642455245935,0.029142667651656563,192
141,0.03210949897766113,0.000952591539665804,0.010547717412312826,0.0074598085866761634,balanced,gini,9,sqrt,0.01,best,"{'class_weight': 'balanced', 'criterion': 'gini', 'max_depth': 9, 'max_features': 'sqrt', 'min_samples_split': 0.01, 'splitter': 'best'}",0.24444444444444444,0.22619984264358772,0.19939209726443768,0.22334546145082332,0.018502956801588425,193
134,0.07612355550130208,0.01897209116317617,0.00787655512491862,0.006380567238526087,balanced,gini,9,,0.01,random,"{'class_weight': 'balanced', 'criterion': 'gini', 'max_depth': 9, 'max_features': None, 'min_samples_split': 0.01, 'splitter': 'random'}",0.20562175374274366,0.22118612458038045,0.2430890741553313,0.22329898415948513,0.015368759577481352,194
131,0.031296173731486,0.0083003869175902,0.010550260543823242,0.004133282487048929,balanced,gini,6,sqrt,0.05,best,"{'class_weight': 'balanced', 'criterion': 'gini', 'max_depth': 6, 'max_features': 'sqrt', 'min_samples_split': 0.05, 'splitter': 'best'}",0.2071767095463778,0.222265625,0.23927765237020315,0.222906662305527,0.013112991755378434,195
95,0.031525373458862305,0.0003766355577781717,0.0052102406819661455,0.007368393035664568,balanced,entropy,6,sqrt,0.05,best,"{'class_weight': 'balanced', 'criterion': 'entropy', 'max_depth': 6, 'max_features': 'sqrt', 'min_samples_split': 0.05, 'splitter': 'best'}",0.2071767095463778,0.22013061851709567,0.23927765237020315,0.2221949934778922,0.013186201513417957,196
136,0.061032613118489586,0.003603786478502257,0.00988022486368815,0.007017399427501457,balanced,gini,9,,0.05,random,"{'class_weight': 'balanced', 'criterion': 'gini', 'max_depth': 9, 'max_features': None, 'min_samples_split': 0.05, 'splitter': 'random'}",0.2011611030478955,0.2674135411592791,0.1969332531569453,0.22183596578804,0.03227439863850646,197
93,0.026183605194091797,0.007477526849002449,0.01563239097595215,7.249911353938093e-06,balanced,entropy,6,sqrt,0.01,best,"{'class_weight': 'balanced', 'criterion': 'entropy', 'max_depth': 6, 'max_features': 'sqrt', 'min_samples_split': 0.01, 'splitter': 'best'}",0.19505935194096888,0.22289844047166224,0.2375,0.21848593080421033,0.0176050150637378,198
129,0.03673020998636881,0.007464008606528434,0.010423660278320312,0.007370646073278231,balanced,gini,6,sqrt,0.01,best,"{'class_weight': 'balanced', 'criterion': 'gini', 'max_depth': 6, 'max_features': 'sqrt', 'min_samples_split': 0.01, 'splitter': 'best'}",0.19505935194096888,0.2230681385610963,0.23676148796498905,0.21829632615568476,0.01735597269848433,199
101,0.07917054494222005,0.0008749157631572931,0.013508081436157227,0.010826195305680606,balanced,entropy,9,,0.05,best,"{'class_weight': 'balanced', 'criterion': 'entropy', 'max_depth': 9, 'max_features': None, 'min_samples_split': 0.05, 'splitter': 'best'}",0.2189631650750341,0.2044378698224852,0.23114158935054457,0.21818087474935463,0.01091577277073726,200
99,0.07894961039225261,0.0132922031245389,0.01564168930053711,4.561215989520309e-06,balanced,entropy,9,,0.01,best,"{'class_weight': 'balanced', 'criterion': 'entropy', 'max_depth': 9, 'max_features': None, 'min_samples_split': 0.01, 'splitter': 'best'}",0.21833910034602075,0.2037525652301378,0.23048327137546468,0.21752497898387438,0.010927938443920742,201
103,0.036818742752075195,0.007595686469862585,0.010420799255371094,0.007368618747138945,balanced,entropy,9,sqrt,0.005,best,"{'class_weight': 'balanced', 'criterion': 'entropy', 'max_depth': 9, 'max_features': 'sqrt', 'min_samples_split': 0.005, 'splitter': 'best'}",0.22817314746881878,0.21858736059479553,0.20276794335371742,0.21650948380577725,0.010475185853410795,202
139,0.029385884602864582,0.002642176855361089,0.012596845626831055,0.004659096793748829,balanced,gini,9,sqrt,0.005,best,"{'class_weight': 'balanced', 'criterion': 'gini', 'max_depth': 9, 'max_features': 'sqrt', 'min_samples_split': 0.005, 'splitter': 'best'}",0.2194708276797829,0.21858736059479553,0.21052631578947367,0.21619483468801737,0.004024442686047704,203
97,0.08951052029927571,0.0077829850552856555,0.010421435038248697,0.0073690674778061896,balanced,entropy,9,,0.005,best,"{'class_weight': 'balanced', 'criterion': 'entropy', 'max_depth': 9, 'max_features': None, 'min_samples_split': 0.005, 'splitter': 'best'}",0.21305957590037025,0.2035840188014101,0.2302604381976023,0.21563467763312757,0.011041775209054085,204
137,0.09101041158040364,0.013677810617613348,0.011880079905192057,0.002642157837041774,balanced,gini,9,,0.05,best,"{'class_weight': 'balanced', 'criterion': 'gini', 'max_depth': 9, 'max_features': None, 'min_samples_split': 0.05, 'splitter': 'best'}",0.20743700061462814,0.2044917257683215,0.23114158935054457,0.21435677191116476,0.011929409969624195,205
120,0.0636133352915446,0.012112040448673981,0.013088703155517578,0.003596475573882518,balanced,gini,6,,0.005,random,"{'class_weight': 'balanced', 'criterion': 'gini', 'max_depth': 6, 'max_features': None, 'min_samples_split': 0.005, 'splitter': 'random'}",0.21084337349397592,0.1939206304531382,0.23607427055702918,0.21361275816804773,0.017320209046213987,206
135,0.08850773175557454,0.00884617062946128,0.01375428835550944,0.0026464288036051565,balanced,gini,9,,0.01,best,"{'class_weight': 'balanced', 'criterion': 'gini', 'max_depth': 9, 'max_features': None, 'min_samples_split': 0.01, 'splitter': 'best'}",0.20192307692307693,0.2028604786923526,0.2319140140553948,0.2122325232236081,0.013922176351431505,207
133,0.08176048596700032,0.004484736026457241,0.015627066294352215,4.203806290765824e-06,balanced,gini,9,,0.005,best,"{'class_weight': 'balanced', 'criterion': 'gini', 'max_depth': 9, 'max_features': None, 'min_samples_split': 0.005, 'splitter': 'best'}",0.19805194805194806,0.20204081632653062,0.2318181818181818,0.2106369820655535,0.01506563827054907,208
122,0.052512009938557945,0.00739755879891057,0.0052080949147542315,0.007365358462571784,balanced,gini,6,,0.01,random,"{'class_weight': 'balanced', 'criterion': 'gini', 'max_depth': 6, 'max_features': None, 'min_samples_split': 0.01, 'splitter': 'random'}",0.20530393325387367,0.19413092550790068,0.22561459159397304,0.2083498167852491,0.01303235364825694,209
140,0.03142937024434408,0.00023800164430433382,0.015584309895833334,5.263107759271708e-05,balanced,gini,9,sqrt,0.01,random,"{'class_weight': 'balanced', 'criterion': 'gini', 'max_depth': 9, 'max_features': 'sqrt', 'min_samples_split': 0.01, 'splitter': 'random'}",0.21492241663915485,0.2186305179005909,0.18439919701749355,0.2059840438524131,0.015337681558968167,210
106,0.039136648178100586,0.006384863831478227,0.005209763844807942,0.007367718686088393,balanced,entropy,9,sqrt,0.05,random,"{'class_weight': 'balanced', 'criterion': 'entropy', 'max_depth': 9, 'max_features': 'sqrt', 'min_samples_split': 0.05, 'splitter': 'random'}",0.22589928057553957,0.18673647469458987,0.20530275886778931,0.2059795047126396,0.015995308266720562,211
142,0.02921303113301595,0.0028105173016374435,0.013084808985392252,0.0035950718848302334,balanced,gini,9,sqrt,0.05,random,"{'class_weight': 'balanced', 'criterion': 'gini', 'max_depth': 9, 'max_features': 'sqrt', 'min_samples_split': 0.05, 'splitter': 'random'}",0.22589928057553957,0.18673647469458987,0.20500894454382826,0.20588156660465254,0.01600005089706519,212
104,0.03147562344868978,0.00032232418597775124,0.01042628288269043,0.0073725024126631445,balanced,entropy,9,sqrt,0.01,random,"{'class_weight': 'balanced', 'criterion': 'entropy', 'max_depth': 9, 'max_features': 'sqrt', 'min_samples_split': 0.01, 'splitter': 'random'}",0.2099483204134367,0.2186305179005909,0.18439919701749355,0.20432601177717372,0.014529363329741196,213
86,0.057835658391316734,0.006894788824275687,0.010420799255371094,0.007368617944856172,balanced,entropy,6,,0.01,random,"{'class_weight': 'balanced', 'criterion': 'entropy', 'max_depth': 6, 'max_features': None, 'min_samples_split': 0.01, 'splitter': 'random'}",0.20253164556962025,0.19439728353140917,0.19626972740315637,0.19773288550139526,0.0034782740123519033,214
88,0.060670932133992515,0.009903566731826708,0.009877284367879232,0.008934311435350537,balanced,entropy,6,,0.05,random,"{'class_weight': 'balanced', 'criterion': 'entropy', 'max_depth': 6, 'max_features': None, 'min_samples_split': 0.05, 'splitter': 'random'}",0.20280948200175591,0.193639178159302,0.1960161662817552,0.19748827548093772,0.0038857815397051114,215
124,0.05188886324564616,0.006756192601811645,0.007875839869181315,0.00637922359726434,balanced,gini,6,,0.05,random,"{'class_weight': 'balanced', 'criterion': 'gini', 'max_depth': 6, 'max_features': None, 'min_samples_split': 0.05, 'splitter': 'random'}",0.20481569560047563,0.193639178159302,0.18922505307855628,0.19589330894611132,0.0065613953172883955,216
